ID,Drug,Gene,Mutation
B9J08_000164,Azo,CDR1,Val704Leu
B9J08_000402,AMB,,Ser108Asn
B9J08_000964,echinocandin resistant,FKS1,Ser639Phe;Ser639Pro;Ser639Tyr;Phe635del;Phe635Cys;Phe635Leu;Phe635Tyr;Ser639Thr;Asp642Tyr;Arg1354Ser;Arg1354His
B9J08_001020,echinocandin resistant,FKS2,Try691Leu
B9J08_001448,Azo,ERG11,Tyr132Phe
B9J08_001448,Azo,ERG11,Lys143Arg
B9J08_001448,Azo,ERG11,Phe126Leu
B9J08_003017,5-fluorocytosine,FCY2,Met128fs
B9J08_004076,5-fluorocytosine,FUR1,(1?33) deletion
B9J08_004076,5-fluorocytosine,FUR1,Phe211Ile
B9J08_004820,Azo,TAC1B,Ala640Val
B9J08_004820,Azo,TAC1B,Ala657Val
B9J08_004820,Azo,TAC1B,Phe214Ser
B9J08_004820,Azo,TAC1B,Arg495Gly
B9J08_004820,Azo,TAC1B,Phe862_Asn866de
B9J08_004887,AMB,,Ile139Thr
B9J08_005576,Azo,,Cys110Phe
B9J08_005397,5-fluorocytosine,FCY1,Ser70Arg
